repo_name,easy_file,hard_file
kennyvv/Alex,src/Alex/Gui/Elements/Map/MapIcon.cs,src/Alex/Worlds/Multiplayer/JavaWorldProvider.cs
kennyvv/Alex,src/Alex/Gui/Elements/Map/MapIcon.cs,src/Alex/Net/Bedrock/BedrockClientPacketHandler.cs
kennyvv/Alex,src/Alex/Net/Bedrock/BedrockClient.cs,src/Alex/Net/Bedrock/BedrockClientPacketHandler.cs
kennyvv/Alex,src/Alex/Net/Bedrock/BedrockClient.cs,src/Alex/Worlds/Multiplayer/JavaWorldProvider.cs
GNOME/chronojump,src/gui/app1/session/main.cs,src/gui/app1/session/backup.cs
GNOME/chronojump,src/gui/app1/session/main.cs,src/gui/app1/runEncoder.cs
Tape-Worm/Gorgon,Examples/Gorgon.Renderers.2D/Effects/Program.cs,Gorgon/Gorgon.Renderers/Gorgon2D/Effects/Gorgon2DCompositor.cs
Ruben2776/PicView,PicView/UILogic/Tooltip.cs,PicView/Views/UserControls/Menus/ToolsAndEffectsMenu.xaml.cs
Ruben2776/PicView,PicView/UILogic/Tooltip.cs,PicView/UILogic/TransformImage/Zoom.cs
Ruben2776/PicView,PicView/UILogic/Tooltip.cs,PicView/UILogic/Loading/StartLoading.cs
Ruben2776/PicView,PicView/UILogic/Tooltip.cs,PicView/Editing/Color_Picking.cs
Ruben2776/PicView,PicView/UILogic/Tooltip.cs,PicView/PicGallery/GalleryClick.cs
Ruben2776/PicView,PicView/UILogic/Tooltip.cs,PicView/Shortcuts/MainShortcuts.cs
Ruben2776/PicView,PicView/UILogic/Tooltip.cs,PicView/UILogic/ConfigureWindows.cs
Ruben2776/PicView,PicView/ImageHandling/Base64.cs,PicView/Shortcuts/MainShortcuts.cs
Ruben2776/PicView,PicView/ImageHandling/Base64.cs,PicView/PicGallery/GalleryClick.cs
Ruben2776/PicView,PicView/ImageHandling/Base64.cs,PicView/Editing/Color_Picking.cs
Ruben2776/PicView,PicView/ImageHandling/Base64.cs,PicView/UILogic/ConfigureWindows.cs
Ruben2776/PicView,PicView/ImageHandling/Base64.cs,PicView/UILogic/TransformImage/Zoom.cs
Ruben2776/PicView,PicView/ImageHandling/Base64.cs,PicView/UILogic/Loading/StartLoading.cs
Ruben2776/PicView,PicView/ImageHandling/Base64.cs,PicView/Views/UserControls/Menus/ToolsAndEffectsMenu.xaml.cs
Ruben2776/PicView,PicView/FileHandling/FileLists.cs,PicView/UILogic/Loading/StartLoading.cs
Ruben2776/PicView,PicView/FileHandling/FileLists.cs,PicView/PicGallery/GalleryClick.cs
Ruben2776/PicView,PicView/FileHandling/FileLists.cs,PicView/Shortcuts/MainShortcuts.cs
Ruben2776/PicView,PicView/FileHandling/FileLists.cs,PicView/UILogic/ConfigureWindows.cs
Ruben2776/PicView,PicView/FileHandling/FileLists.cs,PicView/UILogic/TransformImage/Zoom.cs
Ruben2776/PicView,PicView/FileHandling/FileLists.cs,PicView/Views/UserControls/Menus/ToolsAndEffectsMenu.xaml.cs
Ruben2776/PicView,PicView/FileHandling/FileLists.cs,PicView/Editing/Color_Picking.cs
Ruben2776/PicView,PicView/FileHandling/Copy-paste.cs,PicView/PicGallery/GalleryClick.cs
Ruben2776/PicView,PicView/FileHandling/Copy-paste.cs,PicView/UILogic/Loading/StartLoading.cs
Ruben2776/PicView,PicView/FileHandling/Copy-paste.cs,PicView/Shortcuts/MainShortcuts.cs
Ruben2776/PicView,PicView/FileHandling/Copy-paste.cs,PicView/Views/UserControls/Menus/ToolsAndEffectsMenu.xaml.cs
Ruben2776/PicView,PicView/FileHandling/Copy-paste.cs,PicView/Editing/Color_Picking.cs
Ruben2776/PicView,PicView/FileHandling/Copy-paste.cs,PicView/UILogic/TransformImage/Zoom.cs
Ruben2776/PicView,PicView/FileHandling/Copy-paste.cs,PicView/UILogic/ConfigureWindows.cs
Ruben2776/PicView,PicView/FileHandling/DeleteFiles.cs,PicView/UILogic/ConfigureWindows.cs
Ruben2776/PicView,PicView/FileHandling/DeleteFiles.cs,PicView/Views/UserControls/Menus/ToolsAndEffectsMenu.xaml.cs
Ruben2776/PicView,PicView/FileHandling/DeleteFiles.cs,PicView/PicGallery/GalleryClick.cs
Ruben2776/PicView,PicView/FileHandling/DeleteFiles.cs,PicView/UILogic/Loading/StartLoading.cs
Ruben2776/PicView,PicView/FileHandling/DeleteFiles.cs,PicView/Shortcuts/MainShortcuts.cs
Ruben2776/PicView,PicView/FileHandling/DeleteFiles.cs,PicView/Editing/Color_Picking.cs
Ruben2776/PicView,PicView/FileHandling/DeleteFiles.cs,PicView/UILogic/TransformImage/Zoom.cs
Ruben2776/PicView,PicView/PicGallery/GalleryToggle.cs,PicView/Shortcuts/MainShortcuts.cs
Ruben2776/PicView,PicView/PicGallery/GalleryToggle.cs,PicView/UILogic/Loading/StartLoading.cs
Ruben2776/PicView,PicView/PicGallery/GalleryToggle.cs,PicView/UILogic/TransformImage/Zoom.cs
Ruben2776/PicView,PicView/PicGallery/GalleryToggle.cs,PicView/PicGallery/GalleryClick.cs
Ruben2776/PicView,PicView/PicGallery/GalleryToggle.cs,PicView/Editing/Color_Picking.cs
Ruben2776/PicView,PicView/PicGallery/GalleryToggle.cs,PicView/UILogic/ConfigureWindows.cs
Ruben2776/PicView,PicView/PicGallery/GalleryToggle.cs,PicView/Views/UserControls/Menus/ToolsAndEffectsMenu.xaml.cs
Ruben2776/PicView,PicView/FileHandling/WebFunctions.cs,PicView/ImageHandling/ImageFunctions.cs
Ruben2776/PicView,PicView/Editing/Crop/CropFunctions.cs,PicView/Shortcuts/MainShortcuts.cs
Ruben2776/PicView,PicView/Editing/Crop/CropFunctions.cs,PicView/PicGallery/GalleryClick.cs
Ruben2776/PicView,PicView/Editing/Crop/CropFunctions.cs,PicView/UILogic/ConfigureWindows.cs
Ruben2776/PicView,PicView/Editing/Crop/CropFunctions.cs,PicView/Views/UserControls/Menus/ToolsAndEffectsMenu.xaml.cs
Ruben2776/PicView,PicView/Editing/Crop/CropFunctions.cs,PicView/UILogic/Loading/StartLoading.cs
Ruben2776/PicView,PicView/Editing/Crop/CropFunctions.cs,PicView/UILogic/TransformImage/Zoom.cs
Ruben2776/PicView,PicView/Editing/Crop/CropFunctions.cs,PicView/Editing/Color_Picking.cs
Ruben2776/PicView,PicView/PicGallery/GalleryFunctions.cs,PicView/Editing/Color_Picking.cs
Ruben2776/PicView,PicView/PicGallery/GalleryFunctions.cs,PicView/UILogic/TransformImage/Zoom.cs
Ruben2776/PicView,PicView/PicGallery/GalleryFunctions.cs,PicView/PicGallery/GalleryClick.cs
Ruben2776/PicView,PicView/PicGallery/GalleryFunctions.cs,PicView/Shortcuts/MainShortcuts.cs
Ruben2776/PicView,PicView/PicGallery/GalleryFunctions.cs,PicView/Views/UserControls/Menus/ToolsAndEffectsMenu.xaml.cs
Ruben2776/PicView,PicView/PicGallery/GalleryFunctions.cs,PicView/UILogic/Loading/StartLoading.cs
Ruben2776/PicView,PicView/PicGallery/GalleryFunctions.cs,PicView/UILogic/ConfigureWindows.cs
Ruben2776/PicView,PicView/SystemIntegration/Wallpaper.cs,PicView/UILogic/TransformImage/Zoom.cs
Ruben2776/PicView,PicView/SystemIntegration/Wallpaper.cs,PicView/Views/UserControls/Menus/ToolsAndEffectsMenu.xaml.cs
Ruben2776/PicView,PicView/SystemIntegration/Wallpaper.cs,PicView/PicGallery/GalleryClick.cs
Ruben2776/PicView,PicView/SystemIntegration/Wallpaper.cs,PicView/Editing/Color_Picking.cs
Ruben2776/PicView,PicView/SystemIntegration/Wallpaper.cs,PicView/Shortcuts/MainShortcuts.cs
Ruben2776/PicView,PicView/SystemIntegration/Wallpaper.cs,PicView/UILogic/Loading/StartLoading.cs
Ruben2776/PicView,PicView/SystemIntegration/Wallpaper.cs,PicView/UILogic/ConfigureWindows.cs
Ruben2776/PicView,PicView/ProcessHandling/ProcessLogic.cs,PicView/ImageHandling/ImageFunctions.cs
Ruben2776/PicView,PicView/UILogic/TransformImage/Scroll.cs,PicView/Views/UserControls/Menus/ToolsAndEffectsMenu.xaml.cs
Ruben2776/PicView,PicView/UILogic/TransformImage/Scroll.cs,PicView/Editing/Color_Picking.cs
Ruben2776/PicView,PicView/UILogic/TransformImage/Scroll.cs,PicView/UILogic/Loading/StartLoading.cs
Ruben2776/PicView,PicView/UILogic/TransformImage/Scroll.cs,PicView/Shortcuts/MainShortcuts.cs
Ruben2776/PicView,PicView/UILogic/TransformImage/Scroll.cs,PicView/UILogic/ConfigureWindows.cs
Ruben2776/PicView,PicView/UILogic/TransformImage/Scroll.cs,PicView/PicGallery/GalleryClick.cs
Ruben2776/PicView,PicView/UILogic/TransformImage/Scroll.cs,PicView/UILogic/TransformImage/Zoom.cs
Ruben2776/PicView,PicView/Views/Windows/MainWindow.xaml.cs,PicView/UILogic/Loading/StartLoading.cs
Ruben2776/PicView,PicView/Views/Windows/MainWindow.xaml.cs,PicView/Editing/Color_Picking.cs
Ruben2776/PicView,PicView/Views/Windows/MainWindow.xaml.cs,PicView/Views/UserControls/Menus/ToolsAndEffectsMenu.xaml.cs
Ruben2776/PicView,PicView/Views/Windows/MainWindow.xaml.cs,PicView/Shortcuts/MainShortcuts.cs
Ruben2776/PicView,PicView/Views/Windows/MainWindow.xaml.cs,PicView/PicGallery/GalleryClick.cs
Ruben2776/PicView,PicView/Views/Windows/MainWindow.xaml.cs,PicView/UILogic/ConfigureWindows.cs
Ruben2776/PicView,PicView/Views/Windows/MainWindow.xaml.cs,PicView/UILogic/TransformImage/Zoom.cs
Ruben2776/PicView,PicView/FileHandling/ArchiveExtraction.cs,PicView/Editing/Color_Picking.cs
Ruben2776/PicView,PicView/FileHandling/ArchiveExtraction.cs,PicView/UILogic/ConfigureWindows.cs
Ruben2776/PicView,PicView/FileHandling/ArchiveExtraction.cs,PicView/UILogic/TransformImage/Zoom.cs
Ruben2776/PicView,PicView/FileHandling/ArchiveExtraction.cs,PicView/Shortcuts/MainShortcuts.cs
Ruben2776/PicView,PicView/FileHandling/ArchiveExtraction.cs,PicView/PicGallery/GalleryClick.cs
Ruben2776/PicView,PicView/FileHandling/ArchiveExtraction.cs,PicView/Views/UserControls/Menus/ToolsAndEffectsMenu.xaml.cs
Ruben2776/PicView,PicView/FileHandling/ArchiveExtraction.cs,PicView/UILogic/Loading/StartLoading.cs
Ruben2776/PicView,PicView/UILogic/Loading/EventsHandling.cs,PicView/UILogic/Loading/StartLoading.cs
Ruben2776/PicView,PicView/UILogic/Loading/EventsHandling.cs,PicView/Shortcuts/MainShortcuts.cs
Ruben2776/PicView,PicView/UILogic/Loading/EventsHandling.cs,PicView/PicGallery/GalleryClick.cs
Ruben2776/PicView,PicView/UILogic/Loading/EventsHandling.cs,PicView/UILogic/ConfigureWindows.cs
Ruben2776/PicView,PicView/UILogic/Loading/EventsHandling.cs,PicView/UILogic/TransformImage/Zoom.cs
Ruben2776/PicView,PicView/UILogic/Loading/EventsHandling.cs,PicView/Editing/Color_Picking.cs
Ruben2776/PicView,PicView/UILogic/Loading/EventsHandling.cs,PicView/Views/UserControls/Menus/ToolsAndEffectsMenu.xaml.cs
Ruben2776/PicView,PicView/SystemIntegration/NativeMethods.cs,PicView/Views/UserControls/Menus/ToolsAndEffectsMenu.xaml.cs
Ruben2776/PicView,PicView/SystemIntegration/NativeMethods.cs,PicView/Editing/Color_Picking.cs
Ruben2776/PicView,PicView/SystemIntegration/NativeMethods.cs,PicView/UILogic/Loading/StartLoading.cs
Ruben2776/PicView,PicView/SystemIntegration/NativeMethods.cs,PicView/UILogic/TransformImage/Zoom.cs
Ruben2776/PicView,PicView/SystemIntegration/NativeMethods.cs,PicView/Shortcuts/MainShortcuts.cs
Ruben2776/PicView,PicView/SystemIntegration/NativeMethods.cs,PicView/PicGallery/GalleryClick.cs
Ruben2776/PicView,PicView/SystemIntegration/NativeMethods.cs,PicView/UILogic/ConfigureWindows.cs
Ruben2776/PicView,PicView/UILogic/Loading/LoadContextMenus.cs,PicView/UILogic/ConfigureWindows.cs
Ruben2776/PicView,PicView/UILogic/Loading/LoadContextMenus.cs,PicView/UILogic/TransformImage/Zoom.cs
Ruben2776/PicView,PicView/UILogic/Loading/LoadContextMenus.cs,PicView/Shortcuts/MainShortcuts.cs
Ruben2776/PicView,PicView/UILogic/Loading/LoadContextMenus.cs,PicView/PicGallery/GalleryClick.cs
Ruben2776/PicView,PicView/UILogic/Loading/LoadContextMenus.cs,PicView/Editing/Color_Picking.cs
Ruben2776/PicView,PicView/UILogic/Loading/LoadContextMenus.cs,PicView/Views/UserControls/Menus/ToolsAndEffectsMenu.xaml.cs
Ruben2776/PicView,PicView/UILogic/Loading/LoadContextMenus.cs,PicView/UILogic/Loading/StartLoading.cs
Ruben2776/PicView,PicView/Views/Windows/SettingsWindow.xaml.cs,PicView/UILogic/Loading/StartLoading.cs
Ruben2776/PicView,PicView/Views/Windows/SettingsWindow.xaml.cs,PicView/UILogic/ConfigureWindows.cs
Ruben2776/PicView,PicView/Views/Windows/SettingsWindow.xaml.cs,PicView/Views/UserControls/Menus/ToolsAndEffectsMenu.xaml.cs
Ruben2776/PicView,PicView/Views/Windows/SettingsWindow.xaml.cs,PicView/UILogic/TransformImage/Zoom.cs
Ruben2776/PicView,PicView/Views/Windows/SettingsWindow.xaml.cs,PicView/PicGallery/GalleryClick.cs
Ruben2776/PicView,PicView/Views/Windows/SettingsWindow.xaml.cs,PicView/Shortcuts/MainShortcuts.cs
Ruben2776/PicView,PicView/Views/Windows/SettingsWindow.xaml.cs,PicView/Editing/Color_Picking.cs
Ruben2776/PicView,PicView/UILogic/DragAndDrop/DragToExplorer.cs,PicView/UILogic/ConfigureWindows.cs
Ruben2776/PicView,PicView/UILogic/DragAndDrop/DragToExplorer.cs,PicView/UILogic/Loading/StartLoading.cs
Ruben2776/PicView,PicView/UILogic/DragAndDrop/DragToExplorer.cs,PicView/Shortcuts/MainShortcuts.cs
Ruben2776/PicView,PicView/UILogic/DragAndDrop/DragToExplorer.cs,PicView/Views/UserControls/Menus/ToolsAndEffectsMenu.xaml.cs
Ruben2776/PicView,PicView/UILogic/DragAndDrop/DragToExplorer.cs,PicView/Editing/Color_Picking.cs
Ruben2776/PicView,PicView/UILogic/DragAndDrop/DragToExplorer.cs,PicView/PicGallery/GalleryClick.cs
Ruben2776/PicView,PicView/UILogic/DragAndDrop/DragToExplorer.cs,PicView/UILogic/TransformImage/Zoom.cs
Ruben2776/PicView,PicView/Views/Windows/ImageInfoWindow.xaml.cs,PicView/UILogic/ConfigureWindows.cs
Ruben2776/PicView,PicView/Views/Windows/ImageInfoWindow.xaml.cs,PicView/PicGallery/GalleryClick.cs
Ruben2776/PicView,PicView/Views/Windows/ImageInfoWindow.xaml.cs,PicView/UILogic/TransformImage/Zoom.cs
Ruben2776/PicView,PicView/Views/Windows/ImageInfoWindow.xaml.cs,PicView/Editing/Color_Picking.cs
Ruben2776/PicView,PicView/Views/Windows/ImageInfoWindow.xaml.cs,PicView/Views/UserControls/Menus/ToolsAndEffectsMenu.xaml.cs
Ruben2776/PicView,PicView/Views/Windows/ImageInfoWindow.xaml.cs,PicView/UILogic/Loading/StartLoading.cs
Ruben2776/PicView,PicView/Views/Windows/ImageInfoWindow.xaml.cs,PicView/Shortcuts/MainShortcuts.cs
Ruben2776/PicView,PicView/Views/UserControls/Menus/QuickSettingsMenu.xaml.cs,PicView/UILogic/ConfigureWindows.cs
Ruben2776/PicView,PicView/Views/UserControls/Menus/QuickSettingsMenu.xaml.cs,PicView/PicGallery/GalleryClick.cs
Ruben2776/PicView,PicView/Views/UserControls/Menus/QuickSettingsMenu.xaml.cs,PicView/Shortcuts/MainShortcuts.cs
Ruben2776/PicView,PicView/Views/UserControls/Menus/QuickSettingsMenu.xaml.cs,PicView/Editing/Color_Picking.cs
Ruben2776/PicView,PicView/Views/UserControls/Menus/QuickSettingsMenu.xaml.cs,PicView/UILogic/TransformImage/Zoom.cs
Ruben2776/PicView,PicView/Views/UserControls/Menus/QuickSettingsMenu.xaml.cs,PicView/Views/UserControls/Menus/ToolsAndEffectsMenu.xaml.cs
Ruben2776/PicView,PicView/Views/UserControls/Menus/QuickSettingsMenu.xaml.cs,PicView/UILogic/Loading/StartLoading.cs
AlexxEG/BSA_Browser,Sharp.BSA.BA2/Archive.cs,Sharp.BSA.BA2/BSAUtil/BSAFileEntry.cs
AlexxEG/BSA_Browser,Sharp.BSA.BA2/Archive.cs,Sharp.BSA.BA2/BA2Util/BA2TextureEntry.cs
AlexxEG/BSA_Browser,Sharp.BSA.BA2/Archive.cs,Sharp.BSA.BA2/BA2Util/BA2FileEntry.cs
rollbar/Rollbar.NET,Rollbar.App.Config/AppConfigUtility.cs,Rollbar/Config/RollbarLoggerConfig.cs
rollbar/Rollbar.NET,Rollbar.App.Config/AppConfigUtility.cs,Rollbar/RollbarInfrastructure.cs
rollbar/Rollbar.NET,Rollbar.App.Config/AppConfigUtility.cs,Rollbar/Infrastructure/RollbarSingleThreadedLogger.cs
rollbar/Rollbar.NET,Rollbar.App.Config/AppConfigUtility.cs,Rollbar/Config/RollbarDeveloperOptions.cs
rollbar/Rollbar.NET,Rollbar.App.Config/AppConfigUtility.cs,Rollbar/Infrastructure/RollbarLogger.cs
rollbar/Rollbar.NET,Rollbar/Config/RollbarOfflineStoreOptions.cs,Rollbar/Config/RollbarLoggerConfig.cs
rollbar/Rollbar.NET,Rollbar/Config/RollbarOfflineStoreOptions.cs,Rollbar/Config/RollbarDeveloperOptions.cs
rollbar/Rollbar.NET,Rollbar/Config/RollbarOfflineStoreOptions.cs,Rollbar/RollbarInfrastructure.cs
rollbar/Rollbar.NET,Rollbar/Config/RollbarOfflineStoreOptions.cs,Rollbar/Infrastructure/RollbarLogger.cs
rollbar/Rollbar.NET,Rollbar/Config/RollbarOfflineStoreOptions.cs,Rollbar/Infrastructure/RollbarSingleThreadedLogger.cs
rollbar/Rollbar.NET,Rollbar/Infrastructure/RollbarBlazorClient.cs,Rollbar/RollbarInfrastructure.cs
rollbar/Rollbar.NET,Rollbar/Infrastructure/RollbarBlazorClient.cs,Rollbar/Config/RollbarLoggerConfig.cs
rollbar/Rollbar.NET,Rollbar/Infrastructure/RollbarBlazorClient.cs,Rollbar/Config/RollbarDeveloperOptions.cs
rollbar/Rollbar.NET,Rollbar/Infrastructure/RollbarBlazorClient.cs,Rollbar/Infrastructure/RollbarLogger.cs
rollbar/Rollbar.NET,Rollbar/Infrastructure/RollbarBlazorClient.cs,Rollbar/Infrastructure/RollbarSingleThreadedLogger.cs
rollbar/Rollbar.NET,Rollbar/Config/RollbarPayloadAdditionOptions.cs,Rollbar/Config/RollbarDeveloperOptions.cs
rollbar/Rollbar.NET,Rollbar/Config/RollbarPayloadAdditionOptions.cs,Rollbar/RollbarInfrastructure.cs
rollbar/Rollbar.NET,Rollbar/Config/RollbarPayloadAdditionOptions.cs,Rollbar/Config/RollbarLoggerConfig.cs
rollbar/Rollbar.NET,Rollbar/Config/RollbarPayloadAdditionOptions.cs,Rollbar/Infrastructure/RollbarLogger.cs
rollbar/Rollbar.NET,Rollbar/Config/RollbarPayloadAdditionOptions.cs,Rollbar/Infrastructure/RollbarSingleThreadedLogger.cs
rollbar/Rollbar.NET,Rollbar/Infrastructure/RollbarQueueController.cs,Rollbar/Infrastructure/RollbarLogger.cs
rollbar/Rollbar.NET,Rollbar/Infrastructure/RollbarQueueController.cs,Rollbar/Config/RollbarDeveloperOptions.cs
rollbar/Rollbar.NET,Rollbar/Infrastructure/RollbarQueueController.cs,Rollbar/RollbarInfrastructure.cs
rollbar/Rollbar.NET,Rollbar/Infrastructure/RollbarQueueController.cs,Rollbar/Infrastructure/RollbarSingleThreadedLogger.cs
rollbar/Rollbar.NET,Rollbar/Infrastructure/RollbarQueueController.cs,Rollbar/Config/RollbarLoggerConfig.cs
rollbar/Rollbar.NET,Rollbar.NetCore.AspNet/HttpRequestPackageDecorator.cs,Rollbar/Common/Validator.cs
rollbar/Rollbar.NET,Rollbar.NetCore.AspNet/HttpRequestPackageDecorator.cs,Rollbar.NetCore.AspNet/RollbarMiddleware.cs
ubisoftinc/Sharpmake,Sharpmake/Options.Vc.cs,Sharpmake.Platforms/Sharpmake.CommonPlatforms/Windows/Win64Platform.cs
CypherCore/CypherCore,Source/Game/Scripting/SpellScript.cs,Source/Game/Spells/Auras/AuraEffect.cs
CypherCore/CypherCore,Source/Game/Scripting/SpellScript.cs,Source/Game/Entities/Unit/Unit.cs
CypherCore/CypherCore,Source/Game/Scripting/SpellScript.cs,Source/Game/Entities/GameObject/GameObject.cs
CypherCore/CypherCore,Source/Game/Scripting/SpellScript.cs,Source/Framework/Constants/Spells/SpellConst.cs
CypherCore/CypherCore,Source/Game/Scripting/SpellScript.cs,Source/Game/Spells/Spell.cs
CypherCore/CypherCore,Source/Game/Scripting/SpellScript.cs,Source/Game/Entities/Player/Player.cs
CypherCore/CypherCore,Source/Game/Scripting/SpellScript.cs,Source/Game/Maps/Map.cs
CypherCore/CypherCore,Source/Game/Scripting/SpellScript.cs,Source/Game/Spells/Auras/Aura.cs
CypherCore/CypherCore,Source/Game/Scripting/SpellScript.cs,Source/Game/Entities/Player/Player.Items.cs
CypherCore/CypherCore,Source/Game/Scripting/SpellScript.cs,Source/Game/Entities/Unit/Unit.Spells.cs
CypherCore/CypherCore,Source/Game/Scripting/SpellScript.cs,Source/Game/Entities/Object/WorldObject.cs
CypherCore/CypherCore,Source/Game/Entities/AreaTrigger/AreaTrigger.cs,Source/Game/Spells/Spell.cs
CypherCore/CypherCore,Source/Game/Entities/AreaTrigger/AreaTrigger.cs,Source/Game/Entities/GameObject/GameObject.cs
CypherCore/CypherCore,Source/Game/Entities/AreaTrigger/AreaTrigger.cs,Source/Game/Entities/Player/Player.Items.cs
CypherCore/CypherCore,Source/Game/Entities/AreaTrigger/AreaTrigger.cs,Source/Game/Entities/Unit/Unit.cs
CypherCore/CypherCore,Source/Game/Entities/AreaTrigger/AreaTrigger.cs,Source/Framework/Constants/Spells/SpellConst.cs
CypherCore/CypherCore,Source/Game/Entities/AreaTrigger/AreaTrigger.cs,Source/Game/Entities/Object/WorldObject.cs
CypherCore/CypherCore,Source/Game/Entities/AreaTrigger/AreaTrigger.cs,Source/Game/Spells/Auras/AuraEffect.cs
CypherCore/CypherCore,Source/Game/Entities/AreaTrigger/AreaTrigger.cs,Source/Game/Entities/Unit/Unit.Spells.cs
CypherCore/CypherCore,Source/Game/Entities/AreaTrigger/AreaTrigger.cs,Source/Game/Spells/Auras/Aura.cs
CypherCore/CypherCore,Source/Game/Entities/AreaTrigger/AreaTrigger.cs,Source/Game/Maps/Map.cs
CypherCore/CypherCore,Source/Game/Entities/AreaTrigger/AreaTrigger.cs,Source/Game/Entities/Player/Player.cs
OrionFive/Hospitality,Source/Source/Properties/AssemblyInfo.cs,Source/Source/JobDriver_BrowseItems.cs
OrionFive/Hospitality,Source/Source/Properties/AssemblyInfo.cs,Source/Source/JoyGiver_BuyStuff.cs
OrionFive/Hospitality,Source/Source/Properties/AssemblyInfo.cs,Source/Source/Hospitality_MapComponent.cs
atata-framework/atata,src/Atata/Components/Control`1.cs,src/Atata/Verification/IDataVerificationProviderExtensions.cs
atata-framework/atata,src/Atata/Components/UIComponent`1.cs,src/Atata/Verification/IDataVerificationProviderExtensions.cs
atata-framework/atata,src/Atata/Components/IUIComponent`1.cs,src/Atata/Verification/IDataVerificationProviderExtensions.cs
Dawn-of-Light/DOLSharp,GameServer/spells/SongDelve.cs,GameServer/realmabilities/RealmAbilityDelve.cs
robinrodricks/FluentFTP,FluentFTP/Client/FtpClient_FileProperties.cs,FluentFTP/Client/FtpClient_AutoConnection.cs
MatterHackers/MatterSlice,MatterSliceLib/utils/PolygonHelper.cs,MatterSliceLib/fffProcessor.cs
MatterHackers/MatterSlice,MatterSliceLib/utils/PolygonsHelper.cs,MatterSliceLib/fffProcessor.cs
Esri/arcgis-toolkit-dotnet,src/Toolkit/Toolkit/UI/Controls/BasemapGallery/BasemapGallery.Windows.cs,src/Toolkit.Forms/BasemapGallery/BasemapGallery.cs
Esri/arcgis-toolkit-dotnet,src/Toolkit/Toolkit/UI/Controls/BasemapGallery/BasemapGallery.Windows.cs,src/Samples/Toolkit.SampleApp.UWP/Samples/BasemapGallery/BasemapGalleryAppearanceSample.xaml.cs
Esri/arcgis-toolkit-dotnet,src/Toolkit/Toolkit/UI/Controls/BasemapGallery/BasemapGallery.Windows.cs,src/Samples/Toolkit.SampleApp.UWP/Samples/BasemapGallery/BasemapGalleryBehaviorSample.xaml.cs
Esri/arcgis-toolkit-dotnet,src/Toolkit/Toolkit/UI/Controls/BasemapGallery/BasemapGallery.Windows.cs,src/Toolkit/Toolkit/UI/Controls/BasemapGallery/BasemapGalleryItem.cs
Esri/arcgis-toolkit-dotnet,src/Toolkit/Toolkit/UI/Controls/BasemapGallery/BasemapGallery.Windows.cs,src/Toolkit/Toolkit/UI/Controls/BasemapGallery/BasemapGalleryController.cs
Esri/arcgis-toolkit-dotnet,src/Toolkit/Toolkit/UI/Controls/BasemapGallery/BasemapGallery.Appearance.cs,src/Samples/Toolkit.SampleApp.UWP/Samples/BasemapGallery/BasemapGalleryBehaviorSample.xaml.cs
Esri/arcgis-toolkit-dotnet,src/Toolkit/Toolkit/UI/Controls/BasemapGallery/BasemapGallery.Appearance.cs,src/Toolkit/Toolkit/UI/Controls/BasemapGallery/BasemapGalleryController.cs
Esri/arcgis-toolkit-dotnet,src/Toolkit/Toolkit/UI/Controls/BasemapGallery/BasemapGallery.Appearance.cs,src/Toolkit/Toolkit/UI/Controls/BasemapGallery/BasemapGalleryItem.cs
Esri/arcgis-toolkit-dotnet,src/Toolkit/Toolkit/UI/Controls/BasemapGallery/BasemapGallery.Appearance.cs,src/Toolkit.Forms/BasemapGallery/BasemapGallery.cs
Esri/arcgis-toolkit-dotnet,src/Toolkit/Toolkit/UI/Controls/BasemapGallery/BasemapGallery.Appearance.cs,src/Samples/Toolkit.SampleApp.UWP/Samples/BasemapGallery/BasemapGalleryAppearanceSample.xaml.cs
GridProtectionAlliance/gsf,Source/Tools/GEPDataExtractor/Properties/AssemblyInfo.cs,Source/Tools/GEPDataExtractor/MainForm.cs
GridProtectionAlliance/gsf,Source/Libraries/Adapters/PhasorWebUI/Properties/AssemblyInfo.cs,Source/Tools/GEPDataExtractor/MainForm.cs
GridProtectionAlliance/gsf,Source/Libraries/Adapters/DeviceStatAdapters/Properties/AssemblyInfo.cs,Source/Tools/GEPDataExtractor/MainForm.cs
GridProtectionAlliance/gsf,Source/Libraries/Adapters/AzureEventHubAdapters/Properties/AssemblyInfo.cs,Source/Tools/GEPDataExtractor/MainForm.cs
tgstation/tgstation-server-tools,src/Tgstation.Server.Host/System/Process.cs,src/Tgstation.Server.Host/Components/Watchdog/WatchdogBase.cs
tgstation/tgstation-server-tools,src/Tgstation.Server.Host/System/Process.cs,src/Tgstation.Server.Host/Components/Watchdog/BasicWatchdog.cs
tgstation/tgstation-server-tools,src/Tgstation.Server.Host/System/Process.cs,src/Tgstation.Server.Host/Components/Chat/ChatManager.cs
tgstation/tgstation-server-tools,src/Tgstation.Server.Host/System/ProcessExecutor.cs,src/Tgstation.Server.Host/Components/Chat/ChatManager.cs
tgstation/tgstation-server-tools,src/Tgstation.Server.Host/System/ProcessExecutor.cs,src/Tgstation.Server.Host/Components/Watchdog/WatchdogBase.cs
tgstation/tgstation-server-tools,src/Tgstation.Server.Host/System/ProcessExecutor.cs,src/Tgstation.Server.Host/Components/Watchdog/BasicWatchdog.cs
tgstation/tgstation-server-tools,src/Tgstation.Server.Host/Properties/AssemblyInfo.cs,src/Tgstation.Server.Host/Components/Watchdog/WatchdogBase.cs
tgstation/tgstation-server-tools,src/Tgstation.Server.Host/Properties/AssemblyInfo.cs,src/Tgstation.Server.Host/Components/Watchdog/BasicWatchdog.cs
tgstation/tgstation-server-tools,src/Tgstation.Server.Host/Properties/AssemblyInfo.cs,src/Tgstation.Server.Host/Components/Chat/ChatManager.cs
tgstation/tgstation-server-tools,src/Tgstation.Server.Host/Components/Events/EventType.cs,src/Tgstation.Server.Host/Components/Watchdog/WatchdogBase.cs
tgstation/tgstation-server-tools,src/Tgstation.Server.Host/Components/Events/EventType.cs,src/Tgstation.Server.Host/Components/Watchdog/BasicWatchdog.cs
tgstation/tgstation-server-tools,src/Tgstation.Server.Host/Components/Events/EventType.cs,src/Tgstation.Server.Host/Components/Chat/ChatManager.cs
tgstation/tgstation-server-tools,src/Tgstation.Server.Host/Controllers/RepositoryController.cs,src/Tgstation.Server.Host/Components/Instance.cs
tgstation/tgstation-server-tools,src/Tgstation.Server.Host/Controllers/RepositoryController.cs,src/Tgstation.Server.Host/Components/Repository/Repository.cs
tgstation/tgstation-server-tools,src/Tgstation.Server.Host/Controllers/RepositoryController.cs,src/Tgstation.Server.Host/Components/Chat/Providers/IrcProvider.cs
tgstation/tgstation-server-tools,src/Tgstation.Server.Host/Controllers/RepositoryController.cs,src/Tgstation.Server.Host/Components/Chat/Providers/DiscordProvider.cs
tgstation/tgstation-server-tools,src/Tgstation.Server.Host/Components/Watchdog/WindowsWatchdog.cs,src/Tgstation.Server.Host/Components/Watchdog/BasicWatchdog.cs
tgstation/tgstation-server-tools,src/Tgstation.Server.Host/Components/Watchdog/WindowsWatchdog.cs,src/Tgstation.Server.Host/Components/Chat/ChatManager.cs
tgstation/tgstation-server-tools,src/Tgstation.Server.Host/Components/Watchdog/WindowsWatchdog.cs,src/Tgstation.Server.Host/Components/Watchdog/WatchdogBase.cs
martincostello/alexa-london-travel-site,src/LondonTravel.Site/Controllers/HomeController.cs,src/LondonTravel.Site/Program.cs
martincostello/alexa-london-travel-site,src/LondonTravel.Site/Controllers/HomeController.cs,src/LondonTravel.Site/Controllers/ManageController.cs
martincostello/alexa-london-travel-site,src/LondonTravel.Site/Controllers/HomeController.cs,src/LondonTravel.Site/SiteRoutes.cs
martincostello/alexa-london-travel-site,src/LondonTravel.Site/TagHelpers/InlineStyleTagHelper.cs,src/LondonTravel.Site/Program.cs
martincostello/alexa-london-travel-site,src/LondonTravel.Site/TagHelpers/InlineStyleTagHelper.cs,src/LondonTravel.Site/Controllers/ManageController.cs
martincostello/alexa-london-travel-site,src/LondonTravel.Site/TagHelpers/InlineStyleTagHelper.cs,src/LondonTravel.Site/SiteRoutes.cs
martincostello/alexa-london-travel-site,src/LondonTravel.Site/Extensions/HttpRequestExtensions.cs,src/LondonTravel.Site/SiteRoutes.cs
martincostello/alexa-london-travel-site,src/LondonTravel.Site/Extensions/HttpRequestExtensions.cs,src/LondonTravel.Site/Program.cs
martincostello/alexa-london-travel-site,src/LondonTravel.Site/Extensions/HttpRequestExtensions.cs,src/LondonTravel.Site/Controllers/ManageController.cs
martincostello/alexa-london-travel-site,src/LondonTravel.Site/Extensions/ClaimsPrincipalExtensions.cs,src/LondonTravel.Site/Program.cs
martincostello/alexa-london-travel-site,src/LondonTravel.Site/Extensions/ClaimsPrincipalExtensions.cs,src/LondonTravel.Site/SiteRoutes.cs
martincostello/alexa-london-travel-site,src/LondonTravel.Site/Extensions/ClaimsPrincipalExtensions.cs,src/LondonTravel.Site/Controllers/ManageController.cs
martincostello/alexa-london-travel-site,src/LondonTravel.Site/Services/Data/DocumentCollectionInitializer.cs,src/LondonTravel.Site/Program.cs
martincostello/alexa-london-travel-site,src/LondonTravel.Site/Services/Data/DocumentCollectionInitializer.cs,src/LondonTravel.Site/Controllers/ManageController.cs
martincostello/alexa-london-travel-site,src/LondonTravel.Site/Services/Data/DocumentCollectionInitializer.cs,src/LondonTravel.Site/SiteRoutes.cs
